"Status","Start Time","Stop Time","Duration in ms","Parent Suite","Suite","Sub Suite","Test Class","Test Method","Name","Description"
"passed","Fri Dec 01 11:13:19 WAT 2023","Fri Dec 01 11:13:22 WAT 2023","2395","Contact management","Lists","","","","Get all the contacts",""
"passed","Fri Dec 01 11:12:31 WAT 2023","Fri Dec 01 11:12:34 WAT 2023","2332","Marketing","WhatsApp Campaigns","","","","Update a WhatsApp campaign",""
"passed","Fri Dec 01 11:20:04 WAT 2023","Fri Dec 01 11:20:09 WAT 2023","5394","Transactional","Transactional SMS","","","","Send SMS message to a mobile number",""
"passed","Fri Dec 01 11:15:39 WAT 2023","Fri Dec 01 11:15:41 WAT 2023","2362","Accounts and settings","Domains","","","","Authenticate a domain",""
"passed","Fri Dec 01 11:11:51 WAT 2023","Fri Dec 01 11:11:53 WAT 2023","2413","Marketing","Email Campaigns","","","","Export the recipients of an email campaign",""
"passed","Fri Dec 01 11:24:15 WAT 2023","Fri Dec 01 11:24:17 WAT 2023","2339","Accounts and settings","Corporate","","","","Create a new sub-account under a master account.",""
"failed","Fri Dec 01 11:22:02 WAT 2023","Fri Dec 01 11:22:04 WAT 2023","2389","Contact management","Contacts","","","","Get email campaigns' statistics for a contact",""
"passed","Fri Dec 01 11:14:02 WAT 2023","Fri Dec 01 11:14:05 WAT 2023","2501","Accounts and settings","Webhooks","","","","Create a webhook",""
"passed","Fri Dec 01 11:25:07 WAT 2023","Fri Dec 01 11:25:09 WAT 2023","2415","Accounts and settings","User","","","","Send invitation to user",""
"passed","Fri Dec 01 11:23:12 WAT 2023","Fri Dec 01 11:23:15 WAT 2023","2327","Contact management","Attributes","","","","Delete an attribute",""
"passed","Fri Dec 01 11:24:05 WAT 2023","Fri Dec 01 11:24:08 WAT 2023","2413","Accounts and settings","Process","","","","Return all the processes for your account",""
"passed","Fri Dec 01 11:16:44 WAT 2023","Fri Dec 01 11:16:47 WAT 2023","2814","Sales CRM","Tasks","","","","Get a task",""
"passed","Fri Dec 01 11:25:02 WAT 2023","Fri Dec 01 11:25:05 WAT 2023","2441","Accounts and settings","User","","","","Revoke user permission",""
"failed","Fri Dec 01 11:11:24 WAT 2023","Fri Dec 01 11:11:27 WAT 2023","2612","Marketing","Email Campaigns","","","","Create an email campaign",""
"passed","Fri Dec 01 11:11:18 WAT 2023","Fri Dec 01 11:11:24 WAT 2023","5466","Transactional","WhatsApp Transactional","","","","Get all your WhatsApp activity (unaggregated events) Copy",""
"passed","Fri Dec 01 11:13:55 WAT 2023","Fri Dec 01 11:13:58 WAT 2023","2370","Contact management","Attributes","","","","Create contact attribute",""
"passed","Fri Dec 01 11:19:14 WAT 2023","Fri Dec 01 11:19:20 WAT 2023","5650","Transactional","Blocked Domains","","","","Get the list of blocked domains",""
"passed","Fri Dec 01 11:14:59 WAT 2023","Fri Dec 01 11:15:02 WAT 2023","2317","Accounts and settings","Corporate","","","","Create a new sub-account under a master account.",""
"passed","Fri Dec 01 11:26:10 WAT 2023","Fri Dec 01 11:26:13 WAT 2023","2324","Sales CRM","Notes","","","","Get all notes",""
"passed","Fri Dec 01 11:27:00 WAT 2023","Fri Dec 01 11:27:02 WAT 2023","2374","eCommerce","Orders","","","","Create orders in batch",""
"passed","Fri Dec 01 11:15:06 WAT 2023","Fri Dec 01 11:15:09 WAT 2023","2341","Accounts and settings","Corporate","","","","Delete a sub-account",""
"passed","Fri Dec 01 11:17:33 WAT 2023","Fri Dec 01 11:17:36 WAT 2023","2755","Conversations","Pushed messages","","","","Get an automated message",""
"failed","Fri Dec 01 11:18:58 WAT 2023","Fri Dec 01 11:19:03 WAT 2023","5341","Transactional","Statistics","","","","Get all your transactional email activity (unaggregated events)",""
"passed","Fri Dec 01 11:20:54 WAT 2023","Fri Dec 01 11:20:56 WAT 2023","2313","Marketing","Email Campaigns","","","","Update an email campaign status",""
"passed","Fri Dec 01 11:12:22 WAT 2023","Fri Dec 01 11:12:24 WAT 2023","2331","Marketing","WhatsApp Campaigns","","","","Get a WhatsApp campaign",""
"passed","Fri Dec 01 11:17:26 WAT 2023","Fri Dec 01 11:17:28 WAT 2023","2545","Conversations","Messages","","","","Delete a message sent by an agent",""
"passed","Fri Dec 01 11:21:56 WAT 2023","Fri Dec 01 11:21:59 WAT 2023","2361","Contact management","Contacts","","","","Get all the contacts",""
"passed","Fri Dec 01 11:09:11 WAT 2023","Fri Dec 01 11:09:19 WAT 2023","7497","Transactional","Templates","","","","Returns the template information",""
"passed","Fri Dec 01 11:15:14 WAT 2023","Fri Dec 01 11:15:16 WAT 2023","2470","Accounts and settings","Senders","","","","Get the list of all your senders",""
"passed","Fri Dec 01 11:27:12 WAT 2023","Fri Dec 01 11:27:14 WAT 2023","2395","eCommerce","Products","","","","Get all products",""
"passed","Fri Dec 01 11:11:43 WAT 2023","Fri Dec 01 11:11:46 WAT 2023","2338","Marketing","Email Campaigns","","","","Send the report of a campaign",""
"passed","Fri Dec 01 11:25:09 WAT 2023","Fri Dec 01 11:25:12 WAT 2023","2437","Accounts and settings","User","","","","Update permission for a user",""
"failed","Fri Dec 01 11:13:31 WAT 2023","Fri Dec 01 11:13:33 WAT 2023","2292","Contact management","Lists","","","","Delete a list",""
"passed","Fri Dec 01 11:27:02 WAT 2023","Fri Dec 01 11:27:04 WAT 2023","2288","eCommerce","Categories","","","","Get all categories",""
"passed","Fri Dec 01 11:23:49 WAT 2023","Fri Dec 01 11:23:51 WAT 2023","2369","Accounts and settings","Reseller","Child accounts","","","Update info of reseller's child based on the child identifier supplied",""
"passed","Fri Dec 01 11:23:53 WAT 2023","Fri Dec 01 11:23:56 WAT 2023","2346","Accounts and settings","Reseller","Child accounts","","","Update info of reseller's child account status based on the identifier supplied",""
"failed","Fri Dec 01 11:13:00 WAT 2023","Fri Dec 01 11:13:02 WAT 2023","2319","Contact management","Contacts","","","","Import contacts",""
"passed","Fri Dec 01 11:26:20 WAT 2023","Fri Dec 01 11:26:22 WAT 2023","2579","Sales CRM","Notes","","","","Delete a note",""
"failed","Fri Dec 01 11:11:32 WAT 2023","Fri Dec 01 11:11:34 WAT 2023","2318","Marketing","Email Campaigns","","","","Delete an email campaign",""
"failed","Fri Dec 01 11:16:03 WAT 2023","Fri Dec 01 11:16:05 WAT 2023","2409","Sales CRM","Companies","","","","Link and Unlink company with contact and deal",""
"failed","Fri Dec 01 11:11:48 WAT 2023","Fri Dec 01 11:11:51 WAT 2023","2392","Marketing","Email Campaigns","","","","Get a shared template url",""
"passed","Fri Dec 01 11:14:48 WAT 2023","Fri Dec 01 11:14:50 WAT 2023","2315","Accounts and settings","Reseller","Child accounts","","","Creates a reseller child",""
"passed","Fri Dec 01 11:21:11 WAT 2023","Fri Dec 01 11:21:13 WAT 2023","2312","Marketing","SMS Campaigns","","","","Returns the information for all your created SMS campaigns",""
"passed","Fri Dec 01 11:24:52 WAT 2023","Fri Dec 01 11:24:55 WAT 2023","2777","Accounts and settings","Domains","","","","Validate domain configuration",""
"passed","Fri Dec 01 11:16:56 WAT 2023","Fri Dec 01 11:16:58 WAT 2023","2359","Sales CRM","Notes","","","","Create a note",""
"passed","Fri Dec 01 11:17:10 WAT 2023","Fri Dec 01 11:17:12 WAT 2023","2319","Sales CRM","Files","","","","Download a file",""
"passed","Fri Dec 01 11:21:16 WAT 2023","Fri Dec 01 11:21:18 WAT 2023","2356","Marketing","SMS Campaigns","","","","Get an SMS campaign",""
"failed","Fri Dec 01 11:13:22 WAT 2023","Fri Dec 01 11:13:24 WAT 2023","2286","Contact management","Lists","","","","Add existing contacts to a list",""
"passed","Fri Dec 01 11:14:38 WAT 2023","Fri Dec 01 11:14:40 WAT 2023","2370","Accounts and settings","Reseller","Child accounts","","","Update info of reseller's child account status based on the identifier supplied",""
"passed","Fri Dec 01 11:27:28 WAT 2023","Fri Dec 01 11:27:30 WAT 2023","2323","Coupons","","","","","Get a coupon collection by id",""
"passed","Fri Dec 01 11:09:19 WAT 2023","Fri Dec 01 11:09:24 WAT 2023","5617","Transactional","Templates","","","","Update an email template",""
"passed","Fri Dec 01 11:20:39 WAT 2023","Fri Dec 01 11:20:42 WAT 2023","2475","Marketing","Email Campaigns","","","","Get an email campaign report",""
"passed","Fri Dec 01 11:22:11 WAT 2023","Fri Dec 01 11:22:14 WAT 2023","2546","Contact management","Contacts","","","","Get all folders",""
"passed","Fri Dec 01 11:25:45 WAT 2023","Fri Dec 01 11:25:47 WAT 2023","2372","Sales CRM","Deals","","","","Get a deal",""
"passed","Fri Dec 01 11:14:10 WAT 2023","Fri Dec 01 11:14:12 WAT 2023","2316","Accounts and settings","Webhooks","","","","Delete a webhook",""
"passed","Fri Dec 01 11:24:31 WAT 2023","Fri Dec 01 11:24:34 WAT 2023","2742","Accounts and settings","Senders","","","","Create a new sender",""
"passed","Fri Dec 01 11:25:39 WAT 2023","Fri Dec 01 11:25:42 WAT 2023","2311","Sales CRM","Deals","","","","Link and Unlink a deal with contacts and companies",""
"passed","Fri Dec 01 11:14:24 WAT 2023","Fri Dec 01 11:14:26 WAT 2023","2296","Accounts and settings","Reseller","Domains","","","Create a domain for a child account",""
"passed","Fri Dec 01 11:18:47 WAT 2023","Fri Dec 01 11:18:52 WAT 2023","5495","Transactional","Statistics","","","","Get your transactional email activity aggregated over a period of time",""
"passed","Fri Dec 01 11:23:03 WAT 2023","Fri Dec 01 11:23:05 WAT 2023","2481","Contact management","Folders","","","","Get lists in a folder",""
"failed","Fri Dec 01 11:20:42 WAT 2023","Fri Dec 01 11:20:44 WAT 2023","2524","Marketing","Email Campaigns","","","","Update an email campaign",""
"passed","Fri Dec 01 11:24:42 WAT 2023","Fri Dec 01 11:24:44 WAT 2023","2560","Accounts and settings","Senders","","","","Get all the dedicated IPs for a sender",""
"passed","Fri Dec 01 11:11:46 WAT 2023","Fri Dec 01 11:11:48 WAT 2023","2358","Marketing","Email Campaigns","","","","Get an A/B test email campaign results",""
"passed","Fri Dec 01 11:23:51 WAT 2023","Fri Dec 01 11:23:53 WAT 2023","2329","Accounts and settings","Reseller","Child accounts","","","Delete a single reseller child based on the child identifier supplied",""
"passed","Fri Dec 01 11:16:25 WAT 2023","Fri Dec 01 11:16:28 WAT 2023","3202","Sales CRM","Deals","","","","Get deal attributes",""
"passed","Fri Dec 01 11:10:51 WAT 2023","Fri Dec 01 11:10:57 WAT 2023","5425","Transactional","Transactional SMS","","","","Send SMS message to a mobile number",""
"passed","Fri Dec 01 11:21:09 WAT 2023","Fri Dec 01 11:21:11 WAT 2023","2421","Marketing","Email Campaigns","","","","Upload an image to your account's image gallery",""
"passed","Fri Dec 01 11:10:08 WAT 2023","Fri Dec 01 11:10:13 WAT 2023","5556","Transactional","Blocked Domains","","","","Add a new domain to the list of blocked domains",""
"passed","Fri Dec 01 11:21:13 WAT 2023","Fri Dec 01 11:21:16 WAT 2023","2306","Marketing","SMS Campaigns","","","","Creates an SMS campaign",""
"passed","Fri Dec 01 11:19:47 WAT 2023","Fri Dec 01 11:19:53 WAT 2023","5609","Transactional","Inbound Email Parsing","","","","Get the list of all the events for the received emails.",""
"passed","Fri Dec 01 11:22:33 WAT 2023","Fri Dec 01 11:22:36 WAT 2023","2322","Contact management","Lists","","","","Get all the contacts",""
"failed","Fri Dec 01 11:12:45 WAT 2023","Fri Dec 01 11:12:48 WAT 2023","2576","Contact management","Contacts","","","","Create a contact",""
"passed","Fri Dec 01 11:15:19 WAT 2023","Fri Dec 01 11:15:21 WAT 2023","2461","Accounts and settings","Senders","","","","Get all the dedicated IPs for your account",""
"passed","Fri Dec 01 11:10:02 WAT 2023","Fri Dec 01 11:10:08 WAT 2023","5289","Transactional","Blocked Domains","","","","Get the list of blocked domains",""
"passed","Fri Dec 01 11:22:29 WAT 2023","Fri Dec 01 11:22:31 WAT 2023","2360","Contact management","Lists","","","","Get all the lists",""
"passed","Fri Dec 01 11:16:30 WAT 2023","Fri Dec 01 11:16:33 WAT 2023","2333","Sales CRM","Deals","","","","Delete a deal",""
"passed","Fri Dec 01 11:21:23 WAT 2023","Fri Dec 01 11:21:25 WAT 2023","2335","Marketing","SMS Campaigns","","","","Send your SMS campaign immediately",""
"failed","Fri Dec 01 11:12:55 WAT 2023","Fri Dec 01 11:12:58 WAT 2023","2402","Contact management","Contacts","","","","Export contacts",""
"failed","Fri Dec 01 11:22:31 WAT 2023","Fri Dec 01 11:22:33 WAT 2023","2296","Contact management","Lists","","","","Get contacts in a list",""
"passed","Fri Dec 01 11:12:17 WAT 2023","Fri Dec 01 11:12:19 WAT 2023","2391","Marketing","SMS Campaigns","","","","Export an SMS campaign's recipients",""
"passed","Fri Dec 01 11:25:52 WAT 2023","Fri Dec 01 11:25:55 WAT 2023","3089","Sales CRM","Tasks","","","","Get all tasks",""
"passed","Fri Dec 01 11:26:52 WAT 2023","Fri Dec 01 11:26:55 WAT 2023","2452","Conversations","Pushed messages","","","","Update an automated message",""
"passed","Fri Dec 01 11:23:19 WAT 2023","Fri Dec 01 11:23:22 WAT 2023","2394","Accounts and settings","Webhooks","","","","Get a webhook details",""
"passed","Fri Dec 01 11:15:33 WAT 2023","Fri Dec 01 11:15:36 WAT 2023","2404","Accounts and settings","Domains","","","","Delete a domain",""
"passed","Fri Dec 01 11:19:09 WAT 2023","Fri Dec 01 11:19:14 WAT 2023","5445","Transactional","Blocked Contacts","","","","Unblock or resubscribe a transactional contact",""
"passed","Fri Dec 01 11:22:26 WAT 2023","Fri Dec 01 11:22:29 WAT 2023","2539","Contact management","Lists","","","","Create a list",""
"passed","Fri Dec 01 11:26:37 WAT 2023","Fri Dec 01 11:26:39 WAT 2023","2378","Conversations","Messages","","","","Get a message",""
"failed","Fri Dec 01 11:22:19 WAT 2023","Fri Dec 01 11:22:21 WAT 2023","2607","Contact management","Contacts","","","","Update a contact",""
"passed","Fri Dec 01 11:26:27 WAT 2023","Fri Dec 01 11:26:30 WAT 2023","2571","Sales CRM","Files","","","","Download a file",""
"failed","Fri Dec 01 11:18:41 WAT 2023","Fri Dec 01 11:18:47 WAT 2023","5339","Transactional","Templates","","","","Send a template to your test list",""
"passed","Fri Dec 01 11:11:36 WAT 2023","Fri Dec 01 11:11:39 WAT 2023","2304","Marketing","Email Campaigns","","","","Send an email campaign immediately, based on campaignId",""
"passed","Fri Dec 01 11:12:41 WAT 2023","Fri Dec 01 11:12:43 WAT 2023","2314","Marketing","WhatsApp Campaigns","","","","Get your WhatsApp API account information",""
"passed","Fri Dec 01 11:26:50 WAT 2023","Fri Dec 01 11:26:52 WAT 2023","2431","Conversations","Pushed messages","","","","Get an automated message",""
"passed","Fri Dec 01 11:21:06 WAT 2023","Fri Dec 01 11:21:09 WAT 2023","2385","Marketing","Email Campaigns","","","","Return all your created email campaigns",""
"passed","Fri Dec 01 11:27:16 WAT 2023","Fri Dec 01 11:27:19 WAT 2023","2295","eCommerce","Products","","","","Create/update a product",""
"failed","Fri Dec 01 11:09:30 WAT 2023","Fri Dec 01 11:09:35 WAT 2023","5444","Transactional","Templates","","","","Send a template to your test list",""
"passed","Fri Dec 01 11:16:10 WAT 2023","Fri Dec 01 11:16:13 WAT 2023","2452","Sales CRM","Companies","","","","Create a company after deletion",""
"failed","Fri Dec 01 11:20:56 WAT 2023","Fri Dec 01 11:20:59 WAT 2023","2447","Marketing","Email Campaigns","","","","Send the report of a campaign",""
"passed","Fri Dec 01 11:23:39 WAT 2023","Fri Dec 01 11:23:41 WAT 2023","2324","Accounts and settings","Reseller","Domains","","","Create a domain for a child account",""
"passed","Fri Dec 01 11:08:54 WAT 2023","Fri Dec 01 11:09:00 WAT 2023","6216","Transactional","Email API","","","","Delete scheduled emails by batchId or messageId",""
"passed","Fri Dec 01 11:16:53 WAT 2023","Fri Dec 01 11:16:56 WAT 2023","2470","Sales CRM","Notes","","","","Get all notes",""
"passed","Fri Dec 01 11:17:20 WAT 2023","Fri Dec 01 11:17:22 WAT 2023","2443","Conversations","Messages","","","","Get a message",""
"failed","Fri Dec 01 11:15:55 WAT 2023","Fri Dec 01 11:15:58 WAT 2023","2453","Sales CRM","Companies","","","","Get all Companies",""
"failed","Fri Dec 01 11:13:05 WAT 2023","Fri Dec 01 11:13:07 WAT 2023","2582","Contact management","Contacts","","","","Update a contact",""
"passed","Fri Dec 01 11:16:22 WAT 2023","Fri Dec 01 11:16:25 WAT 2023","2294","Sales CRM","Deals","","","","Link and Unlink a deal with contacts and companies",""
"passed","Fri Dec 01 11:19:20 WAT 2023","Fri Dec 01 11:19:25 WAT 2023","5361","Transactional","Blocked Domains","","","","Add a new domain to the list of blocked domains",""
"passed","Fri Dec 01 11:15:11 WAT 2023","Fri Dec 01 11:15:14 WAT 2023","2439","Accounts and settings","Account data","","","","Get your account information, plan and credits details",""
"passed","Fri Dec 01 11:16:05 WAT 2023","Fri Dec 01 11:16:08 WAT 2023","2323","Sales CRM","Companies","","","","Get a company",""
"passed","Fri Dec 01 11:23:22 WAT 2023","Fri Dec 01 11:23:24 WAT 2023","2605","Accounts and settings","Webhooks","","","","Update a webhook",""
"passed","Fri Dec 01 11:24:12 WAT 2023","Fri Dec 01 11:24:15 WAT 2023","2334","Accounts and settings","Corporate","","","","Get the list of all the sub-accounts of the master account.",""
"passed","Fri Dec 01 11:20:49 WAT 2023","Fri Dec 01 11:20:52 WAT 2023","2329","Marketing","Email Campaigns","","","","Send an email campaign immediately, based on campaignId",""
"passed","Fri Dec 01 11:26:17 WAT 2023","Fri Dec 01 11:26:20 WAT 2023","2372","Sales CRM","Notes","","","","Update a note",""
"passed","Fri Dec 01 11:17:22 WAT 2023","Fri Dec 01 11:17:26 WAT 2023","3260","Conversations","Messages","","","","Update a message sent by an agent",""
"passed","Fri Dec 01 11:24:39 WAT 2023","Fri Dec 01 11:24:41 WAT 2023","2364","Accounts and settings","Senders","","","","Delete a sender",""
"passed","Fri Dec 01 11:27:23 WAT 2023","Fri Dec 01 11:27:26 WAT 2023","2356","Coupons","","","","","Get all your coupon collections",""
"passed","Fri Dec 01 11:21:18 WAT 2023","Fri Dec 01 11:21:20 WAT 2023","2296","Marketing","SMS Campaigns","","","","Update an SMS campaign",""
"passed","Fri Dec 01 11:18:06 WAT 2023","Fri Dec 01 11:18:12 WAT 2023","6382","Transactional","Email API","","","","Delete scheduled emails by batchId or messageId",""
"passed","Fri Dec 01 11:14:43 WAT 2023","Fri Dec 01 11:14:45 WAT 2023","2353","Accounts and settings","Reseller","Child accounts","","","Get session token to access Sendinblue (SSO)",""
"passed","Fri Dec 01 11:14:26 WAT 2023","Fri Dec 01 11:14:29 WAT 2023","2301","Accounts and settings","Reseller","Domains","","","Update the sender domain of reseller's child based on the childIdentifier and domainName passed",""
"passed","Fri Dec 01 11:17:17 WAT 2023","Fri Dec 01 11:17:20 WAT 2023","2415","Conversations","Messages","","","","Send a message as an agent",""
"passed","Fri Dec 01 11:19:31 WAT 2023","Fri Dec 01 11:19:36 WAT 2023","5385","Transactional","Logs","","","","Delete hardbounces",""
"passed","Fri Dec 01 11:15:21 WAT 2023","Fri Dec 01 11:15:24 WAT 2023","2449","Accounts and settings","Senders","","","","Update a sender",""
"passed","Fri Dec 01 11:17:15 WAT 2023","Fri Dec 01 11:17:17 WAT 2023","2445","Sales CRM","Files","","","","Get file details",""
"passed","Fri Dec 01 11:24:10 WAT 2023","Fri Dec 01 11:24:12 WAT 2023","2270","Accounts and settings","Corporate","","","","Get the details of requested master account",""
"passed","Fri Dec 01 11:16:13 WAT 2023","Fri Dec 01 11:16:15 WAT 2023","2374","Sales CRM","Companies","","","","Update a company",""
"passed","Fri Dec 01 11:24:27 WAT 2023","Fri Dec 01 11:24:29 WAT 2023","2418","Accounts and settings","Account data","","","","Get your account information, plan and credits details",""
"failed","Fri Dec 01 11:21:01 WAT 2023","Fri Dec 01 11:21:04 WAT 2023","2311","Marketing","Email Campaigns","","","","Get a shared template url",""
"failed","Fri Dec 01 11:20:47 WAT 2023","Fri Dec 01 11:20:49 WAT 2023","2598","Marketing","Email Campaigns","","","","Create an email campaign Copy",""
"passed","Fri Dec 01 11:20:15 WAT 2023","Fri Dec 01 11:20:20 WAT 2023","5390","Transactional","SMS statistics","","","","Get your SMS activity aggregated per day",""
"passed","Fri Dec 01 11:26:39 WAT 2023","Fri Dec 01 11:26:42 WAT 2023","2430","Conversations","Messages","","","","Update a message sent by an agent",""
"passed","Fri Dec 01 11:15:48 WAT 2023","Fri Dec 01 11:15:51 WAT 2023","2353","Accounts and settings","User","","","","Resend / Cancel invitation",""
"passed","Fri Dec 01 11:25:30 WAT 2023","Fri Dec 01 11:25:32 WAT 2023","2331","Sales CRM","Companies","","","","Update a company",""
"passed","Fri Dec 01 11:12:27 WAT 2023","Fri Dec 01 11:12:29 WAT 2023","2321","Marketing","WhatsApp Campaigns","","","","Return all your created WhatsApp campaigns",""
"passed","Fri Dec 01 11:17:05 WAT 2023","Fri Dec 01 11:17:08 WAT 2023","2381","Sales CRM","Files","","","","Get all files",""
"passed","Fri Dec 01 11:17:31 WAT 2023","Fri Dec 01 11:17:33 WAT 2023","2332","Conversations","Pushed messages","","","","Send an automated message to a visitor",""
"passed","Fri Dec 01 11:18:12 WAT 2023","Fri Dec 01 11:18:18 WAT 2023","5730","Transactional","Templates","","","","Create an email template",""
"passed","Fri Dec 01 11:18:31 WAT 2023","Fri Dec 01 11:18:36 WAT 2023","5571","Transactional","Templates","","","","Update an email template",""
"passed","Fri Dec 01 11:10:46 WAT 2023","Fri Dec 01 11:10:51 WAT 2023","5366","Transactional","Inbound Email Parsing","","","","Retrieve inbound attachment with download token.",""
"passed","Fri Dec 01 11:22:45 WAT 2023","Fri Dec 01 11:22:48 WAT 2023","2436","Contact management","Lists","","","","Delete a list",""
"passed","Fri Dec 01 11:27:40 WAT 2023","Fri Dec 01 11:27:42 WAT 2023","2257","Events","Automation Tracker","","","","Track link clicks",""
"passed","Fri Dec 01 11:14:12 WAT 2023","Fri Dec 01 11:14:14 WAT 2023","2395","Accounts and settings","Reseller","Credits","","","Add Email and/or SMS credits to a specific child account",""
"failed","Fri Dec 01 11:22:38 WAT 2023","Fri Dec 01 11:22:40 WAT 2023","2335","Contact management","Lists","","","","Delete a contact from a list",""
"passed","Fri Dec 01 11:13:36 WAT 2023","Fri Dec 01 11:13:38 WAT 2023","2353","Contact management","Folders","","","","Create a folder",""
"passed","Fri Dec 01 11:17:37 WAT 2023","Fri Dec 01 11:17:43 WAT 2023","5926","Transactional","Email API","","","","Send a transactional email",""
"passed","Fri Dec 01 11:08:31 WAT 2023","Fri Dec 01 11:08:37 WAT 2023","5672","Transactional","Email API","","","","Get the list of transactional emails on the basis of allowed filters",""
"passed","Fri Dec 01 11:11:08 WAT 2023","Fri Dec 01 11:11:13 WAT 2023","5384","Transactional","SMS statistics","","","","Get all your SMS activity (unaggregated events)",""
"passed","Fri Dec 01 11:24:49 WAT 2023","Fri Dec 01 11:24:52 WAT 2023","2749","Accounts and settings","Domains","","","","Delete a domain",""
"passed","Fri Dec 01 11:11:02 WAT 2023","Fri Dec 01 11:11:08 WAT 2023","5420","Transactional","SMS statistics","","","","Get your SMS activity aggregated per day",""
"passed","Fri Dec 01 11:15:24 WAT 2023","Fri Dec 01 11:15:26 WAT 2023","2338","Accounts and settings","Senders","","","","Delete a sender",""
"passed","Fri Dec 01 11:26:25 WAT 2023","Fri Dec 01 11:26:27 WAT 2023","2388","Sales CRM","Files","","","","Upload a file",""
"passed","Fri Dec 01 11:14:19 WAT 2023","Fri Dec 01 11:14:21 WAT 2023","2317","Accounts and settings","Reseller","IP management","","","Dissociate a dedicated IP to the child",""
"passed","Fri Dec 01 11:22:50 WAT 2023","Fri Dec 01 11:22:53 WAT 2023","2503","Contact management","Folders","","","","Create a folder",""
"passed","Fri Dec 01 11:25:27 WAT 2023","Fri Dec 01 11:25:29 WAT 2023","2474","Sales CRM","Companies","","","","Create a company after deletion",""
"failed","Fri Dec 01 11:25:12 WAT 2023","Fri Dec 01 11:25:14 WAT 2023","2543","Sales CRM","Companies","","","","Get all Companies",""
"passed","Fri Dec 01 11:09:06 WAT 2023","Fri Dec 01 11:09:11 WAT 2023","5475","Transactional","Templates","","","","Get the list of email templates",""
"passed","Fri Dec 01 11:20:20 WAT 2023","Fri Dec 01 11:20:26 WAT 2023","5503","Transactional","SMS statistics","","","","Get all your SMS activity (unaggregated events)",""
"passed","Fri Dec 01 11:15:51 WAT 2023","Fri Dec 01 11:15:53 WAT 2023","2409","Accounts and settings","User","","","","Send invitation to user",""
"passed","Fri Dec 01 11:19:53 WAT 2023","Fri Dec 01 11:19:58 WAT 2023","5572","Transactional","Inbound Email Parsing","","","","Fetch all events history for one particular received email.",""
"passed","Fri Dec 01 11:11:27 WAT 2023","Fri Dec 01 11:11:29 WAT 2023","2424","Marketing","Email Campaigns","","","","Get an email campaign report",""
"passed","Fri Dec 01 11:12:14 WAT 2023","Fri Dec 01 11:12:17 WAT 2023","2582","Marketing","SMS Campaigns","","","","Send a test SMS campaign",""
"passed","Fri Dec 01 11:22:58 WAT 2023","Fri Dec 01 11:23:00 WAT 2023","2498","Contact management","Folders","","","","Delete a folder (and all its lists)",""
"passed","Fri Dec 01 11:14:36 WAT 2023","Fri Dec 01 11:14:38 WAT 2023","2344","Accounts and settings","Reseller","Child accounts","","","Delete a single reseller child based on the child identifier supplied",""
"passed","Fri Dec 01 11:21:27 WAT 2023","Fri Dec 01 11:21:30 WAT 2023","2376","Marketing","SMS Campaigns","","","","Send a test SMS campaign",""
"passed","Fri Dec 01 11:16:17 WAT 2023","Fri Dec 01 11:16:20 WAT 2023","2391","Sales CRM","Deals","","","","Get all deals",""
"passed","Fri Dec 01 11:24:44 WAT 2023","Fri Dec 01 11:24:47 WAT 2023","2420","Accounts and settings","Domains","","","","Get the list of all your domains",""
"passed","Fri Dec 01 11:18:23 WAT 2023","Fri Dec 01 11:18:31 WAT 2023","7387","Transactional","Templates","","","","Returns the template information",""
"passed","Fri Dec 01 11:21:44 WAT 2023","Fri Dec 01 11:21:47 WAT 2023","2361","Marketing","WhatsApp Campaigns","","","","Update a WhatsApp campaign",""
"passed","Fri Dec 01 11:12:38 WAT 2023","Fri Dec 01 11:12:41 WAT 2023","2277","Marketing","WhatsApp Campaigns","","","","Send your WhatsApp template for approval",""
"passed","Fri Dec 01 11:23:08 WAT 2023","Fri Dec 01 11:23:10 WAT 2023","2381","Contact management","Attributes","","","","Update contact attribute",""
"passed","Fri Dec 01 11:26:35 WAT 2023","Fri Dec 01 11:26:37 WAT 2023","2478","Conversations","Messages","","","","Send a message as an agent",""
"passed","Fri Dec 01 11:25:50 WAT 2023","Fri Dec 01 11:25:52 WAT 2023","2326","Sales CRM","Deals","","","","Update a deal",""
"passed","Fri Dec 01 11:22:16 WAT 2023","Fri Dec 01 11:22:19 WAT 2023","2462","Contact management","Contacts","","","","Get a contact's details",""
"passed","Fri Dec 01 11:24:22 WAT 2023","Fri Dec 01 11:24:24 WAT 2023","2298","Accounts and settings","Corporate","","","","Delete a sub-account",""
"passed","Fri Dec 01 11:25:55 WAT 2023","Fri Dec 01 11:25:58 WAT 2023","3271","Sales CRM","Tasks","","","","Create a task",""
"failed","Fri Dec 01 11:25:17 WAT 2023","Fri Dec 01 11:25:20 WAT 2023","2582","Sales CRM","Companies","","","","Get company attributes",""
"passed","Fri Dec 01 11:15:36 WAT 2023","Fri Dec 01 11:15:39 WAT 2023","2685","Accounts and settings","Domains","","","","Validate domain configuration",""
"passed","Fri Dec 01 11:13:53 WAT 2023","Fri Dec 01 11:13:55 WAT 2023","2294","Contact management","Attributes","","","","Update contact attribute",""
"passed","Fri Dec 01 11:10:35 WAT 2023","Fri Dec 01 11:10:40 WAT 2023","5489","Transactional","Inbound Email Parsing","","","","Get the list of all the events for the received emails.",""
"passed","Fri Dec 01 11:16:47 WAT 2023","Fri Dec 01 11:16:50 WAT 2023","3147","Sales CRM","Tasks","","","","Delete a task",""
"passed","Fri Dec 01 11:19:42 WAT 2023","Fri Dec 01 11:19:47 WAT 2023","5425","Transactional","Logs","","","","Delete an SMTP transactional log",""
"passed","Fri Dec 01 11:15:09 WAT 2023","Fri Dec 01 11:15:11 WAT 2023","2341","Accounts and settings","Corporate","","","","Update sub-account plan",""
"passed","Fri Dec 01 11:20:31 WAT 2023","Fri Dec 01 11:20:37 WAT 2023","5494","Transactional","WhatsApp Transactional","","","","Get all your WhatsApp activity (unaggregated events) Copy",""
"passed","Fri Dec 01 11:27:42 WAT 2023","Fri Dec 01 11:27:45 WAT 2023","2269","Events","Automation Tracker","","","","Track page views",""
"failed","Fri Dec 01 11:11:29 WAT 2023","Fri Dec 01 11:11:32 WAT 2023","2525","Marketing","Email Campaigns","","","","Update an email campaign",""
"passed","Fri Dec 01 11:14:29 WAT 2023","Fri Dec 01 11:14:31 WAT 2023","2262","Accounts and settings","Reseller","Domains","","","Delete the sender domain of the reseller child based on the childIdentifier and domainName passed",""
"passed","Fri Dec 01 11:12:00 WAT 2023","Fri Dec 01 11:12:03 WAT 2023","2261","Marketing","SMS Campaigns","","","","Creates an SMS campaign",""
"passed","Fri Dec 01 11:13:12 WAT 2023","Fri Dec 01 11:13:15 WAT 2023","2332","Contact management","Lists","","","","Get all folders",""
"passed","Fri Dec 01 11:12:51 WAT 2023","Fri Dec 01 11:12:53 WAT 2023","2285","Contact management","Contacts","","","","Create Contact via DOI (Double-Opt-In) Flow",""
"passed","Fri Dec 01 11:14:50 WAT 2023","Fri Dec 01 11:14:52 WAT 2023","2448","Accounts and settings","Process","","","","Return all the processes for your account",""
"passed","Fri Dec 01 11:21:25 WAT 2023","Fri Dec 01 11:21:27 WAT 2023","2272","Marketing","SMS Campaigns","","","","Update a campaign's status",""
"passed","Fri Dec 01 11:25:47 WAT 2023","Fri Dec 01 11:25:50 WAT 2023","2416","Sales CRM","Deals","","","","Delete a deal",""
"passed","Fri Dec 01 11:10:13 WAT 2023","Fri Dec 01 11:10:19 WAT 2023","5324","Transactional","Blocked Domains","","","","Unblock an existing domain from the list of blocked domains",""
"passed","Fri Dec 01 11:27:35 WAT 2023","Fri Dec 01 11:27:38 WAT 2023","2685","Events","Automation Tracker","","","","Identify the user",""
"passed","Fri Dec 01 11:10:24 WAT 2023","Fri Dec 01 11:10:29 WAT 2023","5363","Transactional","Logs","","","","Send a scheduled transactional email",""
"passed","Fri Dec 01 11:23:29 WAT 2023","Fri Dec 01 11:23:32 WAT 2023","2321","Accounts and settings","Reseller","Credits","","","Remove Email and/or SMS credits from a specific child account",""
"passed","Fri Dec 01 11:24:47 WAT 2023","Fri Dec 01 11:24:49 WAT 2023","2653","Accounts and settings","Domains","","","","Create a new domain",""
"passed","Fri Dec 01 11:13:46 WAT 2023","Fri Dec 01 11:13:48 WAT 2023","2334","Contact management","Folders","","","","Get all folders after deletion",""
"passed","Fri Dec 01 11:23:56 WAT 2023","Fri Dec 01 11:23:58 WAT 2023","2322","Accounts and settings","Reseller","Child accounts","","","Get the status of a reseller's child account creation, whether it is successfully created (exists) or not based on the childIdentifier supplied",""
"passed","Fri Dec 01 11:17:08 WAT 2023","Fri Dec 01 11:17:10 WAT 2023","2475","Sales CRM","Files","","","","Upload a file",""
"passed","Fri Dec 01 11:27:38 WAT 2023","Fri Dec 01 11:27:40 WAT 2023","2244","Events","Automation Tracker","","","","Track event",""
"passed","Fri Dec 01 11:15:53 WAT 2023","Fri Dec 01 11:15:55 WAT 2023","2361","Accounts and settings","User","","","","Update permission for a user",""
"passed","Fri Dec 01 11:25:58 WAT 2023","Fri Dec 01 11:26:01 WAT 2023","2827","Sales CRM","Tasks","","","","Get all task types",""
"passed","Fri Dec 01 11:12:12 WAT 2023","Fri Dec 01 11:12:14 WAT 2023","2257","Marketing","SMS Campaigns","","","","Update a campaign's status",""
"failed","Fri Dec 01 11:22:14 WAT 2023","Fri Dec 01 11:22:16 WAT 2023","2388","Contact management","Contacts","","","","Import contacts",""
"passed","Fri Dec 01 11:25:22 WAT 2023","Fri Dec 01 11:25:25 WAT 2023","2338","Sales CRM","Companies","","","","Get a company",""
"passed","Fri Dec 01 11:16:58 WAT 2023","Fri Dec 01 11:17:00 WAT 2023","2349","Sales CRM","Notes","","","","Get a note",""
"passed","Fri Dec 01 11:19:25 WAT 2023","Fri Dec 01 11:19:31 WAT 2023","5389","Transactional","Blocked Domains","","","","Unblock an existing domain from the list of blocked domains",""
"passed","Fri Dec 01 11:23:17 WAT 2023","Fri Dec 01 11:23:19 WAT 2023","2301","Accounts and settings","Webhooks","","","","Create a webhook",""
"passed","Fri Dec 01 11:22:06 WAT 2023","Fri Dec 01 11:22:09 WAT 2023","2294","Contact management","Contacts","","","","Update multiple contacts",""
"passed","Fri Dec 01 11:17:49 WAT 2023","Fri Dec 01 11:17:54 WAT 2023","5502","Transactional","Email API","","","","Get the personalized content of a sent transactional email",""
"passed","Fri Dec 01 11:17:28 WAT 2023","Fri Dec 01 11:17:31 WAT 2023","2473","Conversations","Status","","","","Sets agent’s status to online for 2-3 minutes",""
"passed","Fri Dec 01 11:12:34 WAT 2023","Fri Dec 01 11:12:36 WAT 2023","2402","Marketing","WhatsApp Campaigns","","","","Create and send a WhatsApp campaign",""
"passed","Fri Dec 01 11:14:00 WAT 2023","Fri Dec 01 11:14:02 WAT 2023","2335","Accounts and settings","Webhooks","","","","Get all webhooks",""
"failed","Fri Dec 01 11:12:48 WAT 2023","Fri Dec 01 11:12:51 WAT 2023","2507","Contact management","Contacts","","","","Get email campaigns' statistics for a contact",""
"passed","Fri Dec 01 11:25:32 WAT 2023","Fri Dec 01 11:25:34 WAT 2023","2406","Sales CRM","Companies","","","","Get pipeline stages",""
"passed","Fri Dec 01 11:09:24 WAT 2023","Fri Dec 01 11:09:30 WAT 2023","5377","Transactional","Templates","","","","Delete an inactive email template",""
"passed","Fri Dec 01 11:10:40 WAT 2023","Fri Dec 01 11:10:46 WAT 2023","5411","Transactional","Inbound Email Parsing","","","","Fetch all events history for one particular received email.",""
"passed","Fri Dec 01 11:14:55 WAT 2023","Fri Dec 01 11:14:57 WAT 2023","2238","Accounts and settings","Corporate","","","","Get the details of requested master account",""
"passed","Fri Dec 01 11:24:17 WAT 2023","Fri Dec 01 11:24:19 WAT 2023","2295","Accounts and settings","Corporate","","","","Generate SSO token to access Sendinblue",""
"failed","Fri Dec 01 11:13:15 WAT 2023","Fri Dec 01 11:13:17 WAT 2023","2269","Contact management","Lists","","","","Create a list",""
"passed","Fri Dec 01 11:27:14 WAT 2023","Fri Dec 01 11:27:16 WAT 2023","2292","eCommerce","Products","","","","Get a product's details",""
"passed","Fri Dec 01 11:13:48 WAT 2023","Fri Dec 01 11:13:50 WAT 2023","2302","Contact management","Folders","","","","Get lists in a folder",""
"passed","Fri Dec 01 11:22:04 WAT 2023","Fri Dec 01 11:22:06 WAT 2023","2376","Contact management","Contacts","","","","Create Contact via DOI (Double-Opt-In) Flow",""
"passed","Fri Dec 01 11:26:22 WAT 2023","Fri Dec 01 11:26:25 WAT 2023","2316","Sales CRM","Files","","","","Get all files",""
"passed","Fri Dec 01 11:23:44 WAT 2023","Fri Dec 01 11:23:46 WAT 2023","2451","Accounts and settings","Reseller","Domains","","","Delete the sender domain of the reseller child based on the childIdentifier and domainName passed",""
"passed","Fri Dec 01 11:12:05 WAT 2023","Fri Dec 01 11:12:07 WAT 2023","2296","Marketing","SMS Campaigns","","","","Update an SMS campaign",""
"passed","Fri Dec 01 11:24:08 WAT 2023","Fri Dec 01 11:24:10 WAT 2023","2424","Accounts and settings","Process","","","","Return the informations for a process",""
"passed","Fri Dec 01 11:24:03 WAT 2023","Fri Dec 01 11:24:05 WAT 2023","2456","Accounts and settings","Reseller","Child accounts","","","Creates a reseller child",""
"passed","Fri Dec 01 11:10:57 WAT 2023","Fri Dec 01 11:11:02 WAT 2023","5463","Transactional","SMS statistics","","","","Get your SMS activity aggregated over a period of time",""
"passed","Fri Dec 01 11:20:52 WAT 2023","Fri Dec 01 11:20:54 WAT 2023","2516","Marketing","Email Campaigns","","","","Send an email campaign to your test list",""
"passed","Fri Dec 01 11:11:39 WAT 2023","Fri Dec 01 11:11:41 WAT 2023","2310","Marketing","Email Campaigns","","","","Send an email campaign to your test list",""
"failed","Fri Dec 01 11:22:55 WAT 2023","Fri Dec 01 11:22:58 WAT 2023","2620","Contact management","Folders","","","","Update a folder",""
"failed","Fri Dec 01 11:25:20 WAT 2023","Fri Dec 01 11:25:22 WAT 2023","2632","Sales CRM","Companies","","","","Link and Unlink company with contact and deal",""
"passed","Fri Dec 01 11:12:53 WAT 2023","Fri Dec 01 11:12:55 WAT 2023","2267","Contact management","Contacts","","","","Update multiple contacts",""
"passed","Fri Dec 01 11:18:36 WAT 2023","Fri Dec 01 11:18:41 WAT 2023","5328","Transactional","Templates","","","","Delete an inactive email template",""
"passed","Fri Dec 01 11:17:03 WAT 2023","Fri Dec 01 11:17:05 WAT 2023","2301","Sales CRM","Notes","","","","Delete a note",""
"passed","Fri Dec 01 11:11:13 WAT 2023","Fri Dec 01 11:11:18 WAT 2023","5343","Transactional","WhatsApp Transactional","","","","Send a WhatsApp message",""
"passed","Fri Dec 01 11:22:24 WAT 2023","Fri Dec 01 11:22:26 WAT 2023","2449","Contact management","Lists","","","","Get all folders",""
"passed","Fri Dec 01 11:13:33 WAT 2023","Fri Dec 01 11:13:36 WAT 2023","2364","Contact management","Folders","","","","Get all folders",""
"passed","Fri Dec 01 11:21:39 WAT 2023","Fri Dec 01 11:21:42 WAT 2023","2506","Marketing","WhatsApp Campaigns","","","","Return all your created WhatsApp campaigns",""
"passed","Fri Dec 01 11:25:15 WAT 2023","Fri Dec 01 11:25:17 WAT 2023","2505","Sales CRM","Companies","","","","Create a company",""
"passed","Fri Dec 01 11:17:12 WAT 2023","Fri Dec 01 11:17:15 WAT 2023","2440","Sales CRM","Files","","","","Delete a file",""
"passed","Fri Dec 01 11:23:36 WAT 2023","Fri Dec 01 11:23:39 WAT 2023","2274","Accounts and settings","Reseller","Domains","","","Get all sender domains for a specific child account",""
"passed","Fri Dec 01 11:15:02 WAT 2023","Fri Dec 01 11:15:04 WAT 2023","2317","Accounts and settings","Corporate","","","","Generate SSO token to access Sendinblue",""
"passed","Fri Dec 01 11:09:41 WAT 2023","Fri Dec 01 11:09:46 WAT 2023","5454","Transactional","Statistics","","","","Get your transactional email activity aggregated per day",""
"passed","Fri Dec 01 11:12:36 WAT 2023","Fri Dec 01 11:12:38 WAT 2023","2308","Marketing","WhatsApp Campaigns","","","","Create a WhatsApp template",""
"passed","Fri Dec 01 11:24:55 WAT 2023","Fri Dec 01 11:24:57 WAT 2023","2549","Accounts and settings","Domains","","","","Authenticate a domain",""
"passed","Fri Dec 01 11:27:21 WAT 2023","Fri Dec 01 11:27:23 WAT 2023","2307","eCommerce","","","","","Activate eCommerce platform on your account",""
"passed","Fri Dec 01 11:08:37 WAT 2023","Fri Dec 01 11:08:43 WAT 2023","5572","Transactional","Email API","","","","Get the personalized content of a sent transactional email",""
"passed","Fri Dec 01 11:15:04 WAT 2023","Fri Dec 01 11:15:06 WAT 2023","2243","Accounts and settings","Corporate","","","","Get sub-account details",""
"passed","Fri Dec 01 11:21:42 WAT 2023","Fri Dec 01 11:21:44 WAT 2023","2437","Marketing","WhatsApp Campaigns","","","","Return all your created WhatsApp templates",""
"passed","Fri Dec 01 11:21:37 WAT 2023","Fri Dec 01 11:21:39 WAT 2023","2336","Marketing","WhatsApp Campaigns","","","","Delete a WhatsApp campaign",""
"failed","Fri Dec 01 11:22:09 WAT 2023","Fri Dec 01 11:22:11 WAT 2023","2595","Contact management","Contacts","","","","Export contacts",""
"passed","Fri Dec 01 11:12:29 WAT 2023","Fri Dec 01 11:12:31 WAT 2023","2390","Marketing","WhatsApp Campaigns","","","","Return all your created WhatsApp templates",""
"passed","Fri Dec 01 11:27:26 WAT 2023","Fri Dec 01 11:27:28 WAT 2023","2356","Coupons","","","","","Create a coupon collection",""
"passed","Fri Dec 01 11:17:00 WAT 2023","Fri Dec 01 11:17:03 WAT 2023","2403","Sales CRM","Notes","","","","Update a note",""
"failed","Fri Dec 01 11:13:24 WAT 2023","Fri Dec 01 11:13:26 WAT 2023","2403","Contact management","Lists","","","","Delete a contact from a list",""
"passed","Fri Dec 01 11:16:50 WAT 2023","Fri Dec 01 11:16:53 WAT 2023","2900","Sales CRM","Tasks","","","","Update a task",""
"passed","Fri Dec 01 11:17:43 WAT 2023","Fri Dec 01 11:17:49 WAT 2023","5926","Transactional","Email API","","","","Get the list of transactional emails on the basis of allowed filters",""
"passed","Fri Dec 01 11:14:14 WAT 2023","Fri Dec 01 11:14:17 WAT 2023","2435","Accounts and settings","Reseller","Credits","","","Remove Email and/or SMS credits from a specific child account",""
"passed","Fri Dec 01 11:19:58 WAT 2023","Fri Dec 01 11:20:04 WAT 2023","5432","Transactional","Inbound Email Parsing","","","","Retrieve inbound attachment with download token.",""
"passed","Fri Dec 01 11:13:07 WAT 2023","Fri Dec 01 11:13:10 WAT 2023","2366","Contact management","Contacts","","","","Delete a contact",""
"passed","Fri Dec 01 11:12:19 WAT 2023","Fri Dec 01 11:12:22 WAT 2023","2339","Marketing","SMS Campaigns","","","","Send an SMS campaign's report",""
"passed","Fri Dec 01 11:09:52 WAT 2023","Fri Dec 01 11:09:57 WAT 2023","5374","Transactional","Blocked Contacts","","","","Get the list of blocked or unsubscribed transactional contacts",""
"passed","Fri Dec 01 11:23:05 WAT 2023","Fri Dec 01 11:23:08 WAT 2023","2385","Contact management","Attributes","","","","List all attributes",""
"passed","Fri Dec 01 11:12:07 WAT 2023","Fri Dec 01 11:12:10 WAT 2023","2360","Marketing","SMS Campaigns","","","","Delete an SMS campaign",""
"passed","Fri Dec 01 11:18:00 WAT 2023","Fri Dec 01 11:18:06 WAT 2023","5656","Transactional","Email API","","","","Fetch scheduled emails by batchId or messageId",""
"passed","Fri Dec 01 11:25:37 WAT 2023","Fri Dec 01 11:25:39 WAT 2023","2608","Sales CRM","Deals","","","","Create a deal",""
"passed","Fri Dec 01 11:16:35 WAT 2023","Fri Dec 01 11:16:38 WAT 2023","2828","Sales CRM","Tasks","","","","Get all tasks",""
"failed","Fri Dec 01 11:20:37 WAT 2023","Fri Dec 01 11:20:39 WAT 2023","2621","Marketing","Email Campaigns","","","","Create an email campaign",""
"passed","Fri Dec 01 11:26:30 WAT 2023","Fri Dec 01 11:26:32 WAT 2023","2454","Sales CRM","Files","","","","Delete a file",""
"passed","Fri Dec 01 11:18:52 WAT 2023","Fri Dec 01 11:18:58 WAT 2023","5639","Transactional","Statistics","","","","Get your transactional email activity aggregated per day",""
"passed","Fri Dec 01 11:18:18 WAT 2023","Fri Dec 01 11:18:23 WAT 2023","5434","Transactional","Templates","","","","Get the list of email templates",""
"failed","Fri Dec 01 11:13:29 WAT 2023","Fri Dec 01 11:13:31 WAT 2023","2306","Contact management","Lists","","","","Update a list",""
"passed","Fri Dec 01 11:15:26 WAT 2023","Fri Dec 01 11:15:28 WAT 2023","2420","Accounts and settings","Senders","","","","Get all the dedicated IPs for a sender",""
"passed","Fri Dec 01 11:23:46 WAT 2023","Fri Dec 01 11:23:49 WAT 2023","2491","Accounts and settings","Reseller","Child accounts","","","Get a child account's details",""
"passed","Fri Dec 01 11:23:32 WAT 2023","Fri Dec 01 11:23:34 WAT 2023","2310","Accounts and settings","Reseller","IP management","","","Associate a dedicated IP to the child",""
"passed","Fri Dec 01 11:21:49 WAT 2023","Fri Dec 01 11:21:52 WAT 2023","2388","Marketing","WhatsApp Campaigns","","","","Create a WhatsApp template",""
"passed","Fri Dec 01 11:14:07 WAT 2023","Fri Dec 01 11:14:10 WAT 2023","2287","Accounts and settings","Webhooks","","","","Update a webhook",""
"passed","Fri Dec 01 11:27:04 WAT 2023","Fri Dec 01 11:27:07 WAT 2023","2375","eCommerce","Categories","","","","Create/update a category",""
"passed","Fri Dec 01 11:14:52 WAT 2023","Fri Dec 01 11:14:55 WAT 2023","2280","Accounts and settings","Process","","","","Return the informations for a process",""
"passed","Fri Dec 01 11:14:33 WAT 2023","Fri Dec 01 11:14:36 WAT 2023","2306","Accounts and settings","Reseller","Child accounts","","","Update info of reseller's child based on the child identifier supplied",""
"passed","Fri Dec 01 11:26:42 WAT 2023","Fri Dec 01 11:26:45 WAT 2023","2838","Conversations","Messages","","","","Delete a message sent by an agent",""
"passed","Fri Dec 01 11:24:00 WAT 2023","Fri Dec 01 11:24:03 WAT 2023","2402","Accounts and settings","Reseller","Child accounts","","","Get the list of all children accounts",""
"passed","Fri Dec 01 11:14:45 WAT 2023","Fri Dec 01 11:14:48 WAT 2023","2356","Accounts and settings","Reseller","Child accounts","","","Get the list of all children accounts",""
"passed","Fri Dec 01 11:21:47 WAT 2023","Fri Dec 01 11:21:49 WAT 2023","2286","Marketing","WhatsApp Campaigns","","","","Create and send a WhatsApp campaign",""
"failed","Fri Dec 01 11:09:46 WAT 2023","Fri Dec 01 11:09:52 WAT 2023","5409","Transactional","Statistics","","","","Get all your transactional email activity (unaggregated events)",""
"passed","Fri Dec 01 11:08:43 WAT 2023","Fri Dec 01 11:08:48 WAT 2023","5465","Transactional","Email API","","","","Send a scheduled transactional email",""
"passed","Fri Dec 01 11:20:26 WAT 2023","Fri Dec 01 11:20:31 WAT 2023","5422","Transactional","WhatsApp Transactional","","","","Send a WhatsApp message",""
"passed","Fri Dec 01 11:22:43 WAT 2023","Fri Dec 01 11:22:45 WAT 2023","2354","Contact management","Lists","","","","Update a list",""
"passed","Fri Dec 01 11:26:45 WAT 2023","Fri Dec 01 11:26:47 WAT 2023","2589","Conversations","Status","","","","Sets agent’s status to online for 2-3 minutes",""
"passed","Fri Dec 01 11:24:20 WAT 2023","Fri Dec 01 11:24:22 WAT 2023","2329","Accounts and settings","Corporate","","","","Get sub-account details",""
"passed","Fri Dec 01 11:16:08 WAT 2023","Fri Dec 01 11:16:10 WAT 2023","2402","Sales CRM","Companies","","","","Delete a company",""
"passed","Fri Dec 01 11:22:53 WAT 2023","Fri Dec 01 11:22:55 WAT 2023","2354","Contact management","Folders","","","","Returns a folder's details",""
"passed","Fri Dec 01 11:26:55 WAT 2023","Fri Dec 01 11:26:57 WAT 2023","2411","Conversations","Pushed messages","","","","Delete an automated message",""
"passed","Fri Dec 01 11:14:40 WAT 2023","Fri Dec 01 11:14:43 WAT 2023","2396","Accounts and settings","Reseller","Child accounts","","","Get the status of a reseller's child account creation, whether it is successfully created (exists) or not based on the childIdentifier supplied",""
"passed","Fri Dec 01 11:12:58 WAT 2023","Fri Dec 01 11:13:00 WAT 2023","2314","Contact management","Contacts","","","","Get all folders",""
"passed","Fri Dec 01 11:13:41 WAT 2023","Fri Dec 01 11:13:43 WAT 2023","2422","Contact management","Folders","","","","Update a folder",""
"passed","Fri Dec 01 11:25:34 WAT 2023","Fri Dec 01 11:25:37 WAT 2023","2440","Sales CRM","Deals","","","","Get all deals",""
"passed","Fri Dec 01 11:23:15 WAT 2023","Fri Dec 01 11:23:17 WAT 2023","2312","Accounts and settings","Webhooks","","","","Get all webhooks",""
"passed","Fri Dec 01 11:16:15 WAT 2023","Fri Dec 01 11:16:17 WAT 2023","2276","Sales CRM","Companies","","","","Get pipeline stages",""
"passed","Fri Dec 01 11:22:48 WAT 2023","Fri Dec 01 11:22:50 WAT 2023","2452","Contact management","Folders","","","","Get all folders",""
"passed","Fri Dec 01 11:25:42 WAT 2023","Fri Dec 01 11:25:45 WAT 2023","3050","Sales CRM","Deals","","","","Get deal attributes",""
"passed","Fri Dec 01 11:08:48 WAT 2023","Fri Dec 01 11:08:54 WAT 2023","5711","Transactional","Email API","","","","Fetch scheduled emails by batchId or messageId",""
"passed","Fri Dec 01 11:14:21 WAT 2023","Fri Dec 01 11:14:24 WAT 2023","2471","Accounts and settings","Reseller","Domains","","","Get all sender domains for a specific child account",""
"passed","Fri Dec 01 11:11:53 WAT 2023","Fri Dec 01 11:11:55 WAT 2023","2417","Marketing","Email Campaigns","","","","Return all your created email campaigns",""
"passed","Fri Dec 01 11:11:58 WAT 2023","Fri Dec 01 11:12:00 WAT 2023","2325","Marketing","SMS Campaigns","","","","Returns the information for all your created SMS campaigns",""
"passed","Fri Dec 01 11:11:55 WAT 2023","Fri Dec 01 11:11:58 WAT 2023","2452","Marketing","Email Campaigns","","","","Upload an image to your account's image gallery",""
"passed","Fri Dec 01 11:20:09 WAT 2023","Fri Dec 01 11:20:15 WAT 2023","5620","Transactional","SMS statistics","","","","Get your SMS activity aggregated over a period of time",""
"passed","Fri Dec 01 11:27:30 WAT 2023","Fri Dec 01 11:27:33 WAT 2023","2305","Coupons","","","","","Update a coupon collection by id",""
"passed","Fri Dec 01 11:13:43 WAT 2023","Fri Dec 01 11:13:46 WAT 2023","2545","Contact management","Folders","","","","Delete a folder (and all its lists)",""
"passed","Fri Dec 01 11:25:05 WAT 2023","Fri Dec 01 11:25:07 WAT 2023","2362","Accounts and settings","User","","","","Resend / Cancel invitation",""
"failed","Fri Dec 01 11:22:36 WAT 2023","Fri Dec 01 11:22:38 WAT 2023","2375","Contact management","Lists","","","","Add existing contacts to a list",""
"passed","Fri Dec 01 11:15:58 WAT 2023","Fri Dec 01 11:16:00 WAT 2023","2497","Sales CRM","Companies","","","","Create a company",""
"passed","Fri Dec 01 11:14:17 WAT 2023","Fri Dec 01 11:14:19 WAT 2023","2302","Accounts and settings","Reseller","IP management","","","Associate a dedicated IP to the child",""
"passed","Fri Dec 01 11:14:05 WAT 2023","Fri Dec 01 11:14:07 WAT 2023","2416","Accounts and settings","Webhooks","","","","Get a webhook details",""
"failed","Fri Dec 01 11:20:44 WAT 2023","Fri Dec 01 11:20:47 WAT 2023","2343","Marketing","Email Campaigns","","","","Delete an email campaign",""
"passed","Fri Dec 01 11:21:52 WAT 2023","Fri Dec 01 11:21:54 WAT 2023","2555","Marketing","WhatsApp Campaigns","","","","Send your WhatsApp template for approval",""
"passed","Fri Dec 01 11:26:47 WAT 2023","Fri Dec 01 11:26:50 WAT 2023","2458","Conversations","Pushed messages","","","","Send an automated message to a visitor",""
"failed","Fri Dec 01 11:16:00 WAT 2023","Fri Dec 01 11:16:03 WAT 2023","2430","Sales CRM","Companies","","","","Get company attributes",""
"passed","Fri Dec 01 11:16:33 WAT 2023","Fri Dec 01 11:16:35 WAT 2023","2329","Sales CRM","Deals","","","","Update a deal",""
"passed","Fri Dec 01 11:19:03 WAT 2023","Fri Dec 01 11:19:09 WAT 2023","5345","Transactional","Blocked Contacts","","","","Get the list of blocked or unsubscribed transactional contacts",""
"passed","Fri Dec 01 11:20:59 WAT 2023","Fri Dec 01 11:21:01 WAT 2023","2353","Marketing","Email Campaigns","","","","Get an A/B test email campaign results",""
"passed","Fri Dec 01 11:09:35 WAT 2023","Fri Dec 01 11:09:41 WAT 2023","5426","Transactional","Statistics","","","","Get your transactional email activity aggregated over a period of time",""
"passed","Fri Dec 01 11:26:07 WAT 2023","Fri Dec 01 11:26:10 WAT 2023","3054","Sales CRM","Tasks","","","","Update a task",""
"passed","Fri Dec 01 11:16:38 WAT 2023","Fri Dec 01 11:16:41 WAT 2023","3040","Sales CRM","Tasks","","","","Create a task",""
"passed","Fri Dec 01 11:13:10 WAT 2023","Fri Dec 01 11:13:12 WAT 2023","2508","Contact management","Lists","","","","Get all the lists",""
"passed","Fri Dec 01 11:15:46 WAT 2023","Fri Dec 01 11:15:48 WAT 2023","2354","Accounts and settings","User","","","","Revoke user permission",""
"passed","Fri Dec 01 11:21:30 WAT 2023","Fri Dec 01 11:21:32 WAT 2023","2449","Marketing","SMS Campaigns","","","","Export an SMS campaign's recipients",""
"passed","Fri Dec 01 11:27:19 WAT 2023","Fri Dec 01 11:27:21 WAT 2023","2484","eCommerce","Products","","","","Create products in batch",""
"passed","Fri Dec 01 11:23:34 WAT 2023","Fri Dec 01 11:23:36 WAT 2023","2310","Accounts and settings","Reseller","IP management","","","Dissociate a dedicated IP to the child",""
"passed","Fri Dec 01 11:26:57 WAT 2023","Fri Dec 01 11:27:00 WAT 2023","2348","eCommerce","Orders","","","","Create/update an order",""
"passed","Fri Dec 01 11:17:54 WAT 2023","Fri Dec 01 11:18:00 WAT 2023","5408","Transactional","Email API","","","","Send a scheduled transactional email",""
"passed","Fri Dec 01 11:24:37 WAT 2023","Fri Dec 01 11:24:39 WAT 2023","2423","Accounts and settings","Senders","","","","Update a sender",""
"passed","Fri Dec 01 11:21:20 WAT 2023","Fri Dec 01 11:21:23 WAT 2023","2289","Marketing","SMS Campaigns","","","","Delete an SMS campaign",""
"passed","Fri Dec 01 11:21:04 WAT 2023","Fri Dec 01 11:21:06 WAT 2023","2567","Marketing","Email Campaigns","","","","Export the recipients of an email campaign",""
"passed","Fri Dec 01 11:23:10 WAT 2023","Fri Dec 01 11:23:12 WAT 2023","2417","Contact management","Attributes","","","","Create contact attribute",""
"passed","Fri Dec 01 11:27:07 WAT 2023","Fri Dec 01 11:27:09 WAT 2023","2375","eCommerce","Categories","","","","Create categories in batch",""
"passed","Fri Dec 01 11:16:20 WAT 2023","Fri Dec 01 11:16:22 WAT 2023","2675","Sales CRM","Deals","","","","Create a deal",""
"passed","Fri Dec 01 11:24:34 WAT 2023","Fri Dec 01 11:24:37 WAT 2023","2438","Accounts and settings","Senders","","","","Get all the dedicated IPs for your account",""
"passed","Fri Dec 01 11:26:04 WAT 2023","Fri Dec 01 11:26:07 WAT 2023","2932","Sales CRM","Tasks","","","","Delete a task",""
"passed","Fri Dec 01 11:23:41 WAT 2023","Fri Dec 01 11:23:44 WAT 2023","2540","Accounts and settings","Reseller","Domains","","","Update the sender domain of reseller's child based on the childIdentifier and domainName passed",""
"passed","Fri Dec 01 11:26:13 WAT 2023","Fri Dec 01 11:26:15 WAT 2023","2374","Sales CRM","Notes","","","","Create a note",""
"passed","Fri Dec 01 11:10:29 WAT 2023","Fri Dec 01 11:10:35 WAT 2023","5537","Transactional","Logs","","","","Delete an SMTP transactional log",""
"passed","Fri Dec 01 11:09:57 WAT 2023","Fri Dec 01 11:10:02 WAT 2023","5338","Transactional","Blocked Contacts","","","","Unblock or resubscribe a transactional contact",""
"passed","Fri Dec 01 11:24:29 WAT 2023","Fri Dec 01 11:24:31 WAT 2023","2450","Accounts and settings","Senders","","","","Get the list of all your senders",""
"failed","Fri Dec 01 11:11:34 WAT 2023","Fri Dec 01 11:11:36 WAT 2023","2548","Marketing","Email Campaigns","","","","Create an email campaign Copy",""
"failed","Fri Dec 01 11:13:26 WAT 2023","Fri Dec 01 11:13:29 WAT 2023","2368","Contact management","Lists","","","","Get a list's details",""
"passed","Fri Dec 01 11:24:57 WAT 2023","Fri Dec 01 11:25:00 WAT 2023","2502","Accounts and settings","User","","","","Get the list of all your users",""
"passed","Fri Dec 01 11:08:25 WAT 2023","Fri Dec 01 11:08:31 WAT 2023","5820","Transactional","Email API","","","","Send a transactional email",""
"passed","Fri Dec 01 11:14:31 WAT 2023","Fri Dec 01 11:14:33 WAT 2023","2446","Accounts and settings","Reseller","Child accounts","","","Get a child account's details",""
"passed","Fri Dec 01 11:12:10 WAT 2023","Fri Dec 01 11:12:12 WAT 2023","2328","Marketing","SMS Campaigns","","","","Send your SMS campaign immediately",""
"failed","Fri Dec 01 11:21:59 WAT 2023","Fri Dec 01 11:22:01 WAT 2023","2599","Contact management","Contacts","","","","Create a contact",""
"passed","Fri Dec 01 11:22:21 WAT 2023","Fri Dec 01 11:22:24 WAT 2023","2332","Contact management","Contacts","","","","Delete a contact",""
"passed","Fri Dec 01 11:12:03 WAT 2023","Fri Dec 01 11:12:05 WAT 2023","2267","Marketing","SMS Campaigns","","","","Get an SMS campaign",""
"passed","Fri Dec 01 11:12:43 WAT 2023","Fri Dec 01 11:12:45 WAT 2023","2385","Contact management","Contacts","","","","Get all the contacts",""
"passed","Fri Dec 01 11:22:41 WAT 2023","Fri Dec 01 11:22:43 WAT 2023","2415","Contact management","Lists","","","","Get a list's details",""
"failed","Fri Dec 01 11:13:17 WAT 2023","Fri Dec 01 11:13:19 WAT 2023","2310","Contact management","Lists","","","","Get contacts in a list",""
"passed","Fri Dec 01 11:13:38 WAT 2023","Fri Dec 01 11:13:41 WAT 2023","2506","Contact management","Folders","","","","Returns a folder's details",""
"passed","Fri Dec 01 11:23:58 WAT 2023","Fri Dec 01 11:24:00 WAT 2023","2279","Accounts and settings","Reseller","Child accounts","","","Get session token to access Sendinblue (SSO)",""
"passed","Fri Dec 01 11:13:58 WAT 2023","Fri Dec 01 11:14:00 WAT 2023","2450","Contact management","Attributes","","","","Delete an attribute",""
"passed","Fri Dec 01 11:13:02 WAT 2023","Fri Dec 01 11:13:05 WAT 2023","2470","Contact management","Contacts","","","","Get a contact's details",""
"passed","Fri Dec 01 11:27:33 WAT 2023","Fri Dec 01 11:27:35 WAT 2023","2355","Coupons","","","","","Create coupons for a coupon collection",""
"passed","Fri Dec 01 11:09:00 WAT 2023","Fri Dec 01 11:09:06 WAT 2023","5755","Transactional","Templates","","","","Create an email template",""
"passed","Fri Dec 01 11:24:24 WAT 2023","Fri Dec 01 11:24:26 WAT 2023","2266","Accounts and settings","Corporate","","","","Update sub-account plan",""
"passed","Fri Dec 01 11:23:27 WAT 2023","Fri Dec 01 11:23:29 WAT 2023","2419","Accounts and settings","Reseller","Credits","","","Add Email and/or SMS credits to a specific child account",""
"passed","Fri Dec 01 11:16:41 WAT 2023","Fri Dec 01 11:16:44 WAT 2023","3266","Sales CRM","Tasks","","","","Get all task types",""
"passed","Fri Dec 01 11:26:15 WAT 2023","Fri Dec 01 11:26:17 WAT 2023","2457","Sales CRM","Notes","","","","Get a note",""
"passed","Fri Dec 01 11:11:41 WAT 2023","Fri Dec 01 11:11:43 WAT 2023","2334","Marketing","Email Campaigns","","","","Update an email campaign status",""
"passed","Fri Dec 01 11:23:00 WAT 2023","Fri Dec 01 11:23:03 WAT 2023","2321","Contact management","Folders","","","","Get all folders after deletion",""
"passed","Fri Dec 01 11:26:01 WAT 2023","Fri Dec 01 11:26:04 WAT 2023","2814","Sales CRM","Tasks","","","","Get a task",""
"passed","Fri Dec 01 11:27:09 WAT 2023","Fri Dec 01 11:27:12 WAT 2023","2302","eCommerce","Categories","","","","Get a category details",""
"passed","Fri Dec 01 11:10:19 WAT 2023","Fri Dec 01 11:10:24 WAT 2023","5341","Transactional","Logs","","","","Delete hardbounces",""
"passed","Fri Dec 01 11:21:54 WAT 2023","Fri Dec 01 11:21:56 WAT 2023","2325","Marketing","WhatsApp Campaigns","","","","Get your WhatsApp API account information",""
"passed","Fri Dec 01 11:12:24 WAT 2023","Fri Dec 01 11:12:27 WAT 2023","2586","Marketing","WhatsApp Campaigns","","","","Delete a WhatsApp campaign",""
"passed","Fri Dec 01 11:25:25 WAT 2023","Fri Dec 01 11:25:27 WAT 2023","2334","Sales CRM","Companies","","","","Delete a company",""
"passed","Fri Dec 01 11:19:36 WAT 2023","Fri Dec 01 11:19:41 WAT 2023","5458","Transactional","Logs","","","","Send a scheduled transactional email",""
"passed","Fri Dec 01 11:23:25 WAT 2023","Fri Dec 01 11:23:27 WAT 2023","2457","Accounts and settings","Webhooks","","","","Delete a webhook",""
"passed","Fri Dec 01 11:13:51 WAT 2023","Fri Dec 01 11:13:53 WAT 2023","2308","Contact management","Attributes","","","","List all attributes",""
"passed","Fri Dec 01 11:15:31 WAT 2023","Fri Dec 01 11:15:33 WAT 2023","2534","Accounts and settings","Domains","","","","Create a new domain",""
"passed","Fri Dec 01 11:21:35 WAT 2023","Fri Dec 01 11:21:37 WAT 2023","2340","Marketing","WhatsApp Campaigns","","","","Get a WhatsApp campaign",""
"passed","Fri Dec 01 11:15:41 WAT 2023","Fri Dec 01 11:15:43 WAT 2023","2426","Accounts and settings","User","","","","Get the list of all your users",""
"passed","Fri Dec 01 11:21:32 WAT 2023","Fri Dec 01 11:21:35 WAT 2023","2536","Marketing","SMS Campaigns","","","","Send an SMS campaign's report",""
"passed","Fri Dec 01 11:15:43 WAT 2023","Fri Dec 01 11:15:46 WAT 2023","2425","Accounts and settings","User","","","","Check user permission",""
"passed","Fri Dec 01 11:14:57 WAT 2023","Fri Dec 01 11:14:59 WAT 2023","2403","Accounts and settings","Corporate","","","","Get the list of all the sub-accounts of the master account.",""
"passed","Fri Dec 01 11:16:28 WAT 2023","Fri Dec 01 11:16:30 WAT 2023","2477","Sales CRM","Deals","","","","Get a deal",""
"passed","Fri Dec 01 11:26:32 WAT 2023","Fri Dec 01 11:26:35 WAT 2023","2337","Sales CRM","Files","","","","Get file details",""
"passed","Fri Dec 01 11:25:00 WAT 2023","Fri Dec 01 11:25:02 WAT 2023","2318","Accounts and settings","User","","","","Check user permission",""
"passed","Fri Dec 01 11:15:16 WAT 2023","Fri Dec 01 11:15:19 WAT 2023","2695","Accounts and settings","Senders","","","","Create a new sender",""
"passed","Fri Dec 01 11:15:28 WAT 2023","Fri Dec 01 11:15:31 WAT 2023","2423","Accounts and settings","Domains","","","","Get the list of all your domains",""
